,author,text,likes,published_at
0,@dmjus6782,uyo bestie wa hio term.....,0,2026-01-04T15:09:17Z
1,@brad4683,sandra anaweza,0,2026-01-01T19:09:45Z
2,@massyuhuru,ZINGINE N PERSONAL,0,2025-12-25T21:23:08Z
3,@PeterlewisKingori,Pole kwa huyo jamaa wa kamasi,0,2025-12-23T01:00:35Z
4,@Mr.k17551,ğŸ˜… what ğŸ˜¨,0,2025-12-20T22:57:34Z
5,@Mr.k17551,ğŸ˜®ğŸ˜…ğŸ˜ŠğŸ˜‚â¤ğŸ‰,0,2025-12-20T22:56:22Z
6,@ClintonBarack,"Iyo sasa ndio imeweza...

UKO NA SURA INGINE AMA NI HII TUğŸ˜…ğŸ˜…ğŸ˜…ğŸ˜…",0,2025-12-16T17:56:40Z
7,@ClintonBarack,Kumbe siri ni kukuwa na pinks lips ğŸ’‹,0,2025-12-16T17:16:58Z
8,@GyianMutugi,Acha kueka izo memes eka full video,0,2025-12-09T10:08:53Z
9,@GyianMutugi,A couple video aka full video attack attack work is a memes,0,2025-12-09T10:07:08Z
10,@GyianMutugi,Wee n mbwa acha ku pose,1,2025-12-09T10:05:49Z
11,@tudahzz,"next tym french kisses pliz
not this childish kiss",0,2025-11-23T21:51:46Z
12,@hunter_sniper254,manze cameraman wako ako juu v-noma ğŸ‰ğŸ‰,0,2025-11-19T19:06:35Z
13,@MRBoykins,Uyo n nanai ametoka ushngo,1,2025-11-12T08:51:31Z
14,@itsdawns_ke,Mafala Wako huku,0,2025-11-09T13:05:17Z
15,@reubenwaigwa3261,noma kwa msee wa kipara,0,2025-10-22T10:19:06Z
16,@janewanjiru5446,Vibes manzeğŸ‘ğŸ¾.,0,2025-10-20T15:54:54Z
17,@janewanjiru5446,This show is interesting.ğŸ’¨ cool and ğŸ”¥ğŸ”¥ğŸ”¥ğŸ”¥ğŸ”¥......,0,2025-10-20T15:53:38Z
18,@LucyMungai-id4no,I don't have the emotional capacity to play this game ğŸ˜­ğŸ˜‚ğŸ˜‚ğŸ˜‚ğŸ’€,3,2025-09-26T21:41:18Z
19,@YunnyNdirangu,Much love Tesla na felaah kidooh masaai iza give heart mama kiss moja kwa hao maboyz wote na ulitoa wpi courage ya kuendelea na game bt felaah n Tesla ğŸ˜ğŸ˜ğŸ˜,0,2025-09-22T11:32:54Z
20,@GladysMeitamei,@kido maasai siz WA zenus much love â¤â¤,0,2025-09-20T15:26:56Z
21,@sharonmwaura5066,ğŸ˜‚ğŸ˜‚ğŸ˜‚,0,2025-09-05T22:44:29Z
22,@MargaretGachie-y3d,â¤Gorgeous â¤ï¸ and you can buy the best way,0,2025-09-05T19:10:37Z
23,@NellieDion,Huyo boy ameeka specs Kwa shati is looking good â¤ningemkiss wa kwanzağŸ¥°ğŸ«¦,1,2025-08-28T10:08:03Z
24,@amstrongamalesh,Ati Uko na sura ingine ama?ğŸ˜‚ğŸ˜‚ğŸ˜‚,0,2025-08-21T22:02:15Z
25,@BromillaManyengo-yl6nm,Cameras haziko clearğŸ˜¢,0,2025-08-16T16:04:14Z
26,@BromillaManyengo-yl6nm,Too much sound effects makes it boring ğŸ˜¢,0,2025-08-16T16:03:01Z
27,@titusotara-f4l5s,matakoooooo.......kea tumboooooooo,0,2025-08-13T17:16:40Z
28,@bravongotho,Eeeee ....babu amefurahi Venye ameskia ukona sura ingine ama ni hii tuuuğŸ˜‚ğŸ˜‚ğŸ˜‚ğŸ˜‚ğŸ˜‚,1,2025-08-13T00:38:16Z
29,@RichardNge-m5m,Kiara jooh,0,2025-08-10T16:21:48Z
30,@nyagasfamily734,Catt y wacha mamboğŸ˜¢,0,2025-08-07T23:44:21Z
31,@JeffKaranja-h8u,Masaii ğŸ˜‚ğŸ˜‚,0,2025-08-07T21:30:18Z
32,@StacyMable-r8e,Ai poleni sana,0,2025-08-05T16:53:29Z
33,@MargaretUiri,hio place inafaa watu wako n big hrt manzee kaa n mm walai ningekua nshaa lia,0,2025-08-05T15:57:17Z
34,@LynneChirchir,Uyo WA specs ndo ğŸ’šğŸ’šğŸ’š,1,2025-07-23T13:24:28Z
35,@BonchezBoni,Teslah ako be,0,2025-07-23T08:34:56Z
36,@KoechMathew-s3n,Nni asibambiğŸ˜‚ğŸ˜¢,0,2025-07-22T15:37:40Z
37,@Cristiano-q7b9j,Babu anarukaruka kwani radağŸ˜‚ğŸ˜‚ğŸ˜‚,2,2025-07-15T11:47:15Z
38,@Haiku.expert,"Ati usijibu ata , io luku iwezi ğŸ˜‚ğŸ˜‚ğŸ˜‚",0,2025-07-12T19:18:27Z
39,@RisperAbik-s6l,â¤â¤ğŸ˜‚ğŸ˜‚ğŸ˜‚ğŸ˜‚ğŸ˜‚ğŸ˜‚ğŸ˜‚ğŸ˜‚ğŸ˜‚ğŸ˜‚ğŸ˜‚ğŸ˜‚ğŸ˜‚ğŸ˜‚ğŸ˜‚ğŸ˜‚ğŸ˜‚ğŸ˜‚ğŸ˜‚ğŸ˜‚ğŸ˜‚ğŸ˜‚ğŸ˜‚ğŸ˜‚ğŸ˜‚ğŸ˜‚ğŸ˜‚ğŸ˜‚ğŸ˜‚ğŸ˜‚ğŸ˜‚,0,2025-07-12T11:10:46Z
40,@TawakalBakari-x2s,Iyo namba ya maasai nagoteağŸ˜‚ğŸ˜‚,0,2025-07-08T20:07:18Z
41,@Titohtin,The action is too amazing,0,2025-07-07T17:54:58Z
42,@DianaMule-p5b,gğŸ˜˜ğŸ˜˜ğŸ˜˜nğŸ˜ğŸ˜ğŸ˜ğŸ˜ğŸ˜,0,2025-07-05T16:11:04Z
43,@RobinMwenda-h9g,"I nearly shit my self when she said, what time did you shit",0,2025-06-24T12:21:01Z
44,@sylviawairimu-e4n,longest building in the world is burji khalif i dubai,0,2025-06-17T08:57:51Z
45,@SallyMusindi-pe8zs,I really wwnna join this seems enjoyableğŸ˜…,0,2025-06-15T14:07:43Z
46,@VictorMuteithia-ny9io,ğŸ˜‚ğŸ˜‚ğŸ˜‚,0,2025-05-31T13:53:15Z
47,@JenniferOmondi-v4i,Huoni simples,0,2025-05-27T12:11:47Z
48,@domex48,Inabamba Sana,0,2025-05-22T18:27:47Z
49,@SuzzieMueni-e9g,masai jameni,0,2025-05-21T12:41:06Z
50,@promaxgraphics5261,Niko mjengo nikidhani mtoto wangu anasoma kumbe analambwa kama mkebe ya yoghurtğŸ˜©ğŸ˜‚ğŸ˜‚,0,2025-05-19T18:05:36Z
51,@TrevorBaraka-m7i,Allma najua io topğŸ˜‚ğŸ˜‚ğŸ˜‚,0,2025-05-14T11:36:26Z
52,@faith254-y7x,Mnaweza,0,2025-05-07T13:03:36Z
53,@BlessingMwende-e9c,Hahahaha ğŸ˜‚ğŸ˜‚,1,2025-05-03T12:00:56Z
54,@KateMugure,Aki si mumeonea masaiğŸ˜‚ sana,0,2025-04-27T10:51:07Z
55,@NEXTGEN-v9w,walai wa  mickey mouse  unaka  aunty yngu  naogopa nisipate laana,0,2025-04-25T10:31:27Z
56,@franklamar001,na hizi manyangau zote badala zisomee sup ni ujinga tu hapa,0,2025-04-24T19:03:39Z
57,@Joshuashaka-i1s,Very nyc,0,2025-04-24T18:07:44Z
58,@VeroMburu,Ngori kwanza ğŸ˜‚ğŸ˜‚ğŸ˜‚ ule boy wa kipara,0,2025-04-24T12:08:47Z
59,@MwasaruAlice,ğŸ¤£ğŸ¤£ğŸ¤£ğŸ¤£ğŸ¤£ğŸ¤£ğŸ¤£ğŸ¤£ğŸ˜‚ğŸ˜‚ğŸ˜‚ğŸ˜‚ğŸ˜‚ğŸ˜…ğŸ˜…ğŸ¤£ğŸ¤£ğŸ¤£ğŸ¤£ğŸ¤£ğŸ¤£ğŸ¤£ğŸ¤£,1,2025-04-23T13:27:14Z
60,@kelvinmuniu7564,Ni kululu,0,2025-04-21T19:49:55Z
61,@AlishaOnditi,GaiğŸ˜¢ğŸ˜…,0,2025-04-18T21:28:33Z
62,@StecyKavaya,Na wamakamasi,0,2025-04-17T05:03:38Z
63,@davekimathi4709,",ğŸ˜‚ğŸ˜‚ğŸ˜‚Mbona mnakata huyo manze",0,2025-04-08T10:24:42Z
64,@CatherineVal-l4r,Hawa waschana ni waremboğŸ˜Šâ¤,0,2025-04-04T23:42:42Z
65,@TyripNkatha,saa mnaficha wakikiss kwa lips,2,2025-04-01T21:52:20Z
66,@MosesNorth,2:08 ğŸ’¥ğŸ’¥ğŸ’¥ğŸ’¥ 2:26,0,2025-03-23T17:16:30Z
67,@MosesNorth,Mambo biedğŸ‰ğŸ‰,0,2025-03-23T17:15:54Z
68,@musyokaGilbert-e6u,The editor is on fire ğŸ”¥,0,2025-03-08T09:28:29Z
69,@xapha_47,Mi naona ma hoes all over ....... dignity is free,0,2025-03-05T05:08:06Z
70,@KINARA-047,Ati Makamasi Tena ğŸ˜‚ğŸ˜‚ğŸ˜‚,0,2025-03-01T14:06:14Z
71,@Tabithathuo-b2l,MakamasiğŸ˜…ğŸ˜…ğŸ˜…ğŸ˜…,0,2025-02-27T22:07:14Z
72,@DegoMemedego,NI hatariâ¤ğŸ˜ŠğŸ˜ŠğŸ˜Š,1,2025-02-26T15:23:08Z
73,@kipkoechtanui5330,"National anthem ğŸ˜‚,eti kwa kiswahili ama ğŸ˜‚ğŸ˜‚",0,2025-02-14T12:19:22Z
74,@nyambogawere3249,This show will kill me ğŸ˜‚ğŸ˜‚ğŸ˜‚ğŸ˜‚ğŸ˜‚ğŸ˜‚ğŸ˜‚ I love it â¤â¤â¤â¤â¤â¤ğŸ˜‚ğŸ˜‚ğŸ˜‚ğŸ˜‚ğŸ˜‚,0,2025-01-26T19:16:07Z
75,@MishaanyMish,Huyo kijana WA pili n mcute,0,2025-01-26T16:36:11Z
76,@StephenNjoroge-g7b,Emotional damage,0,2025-01-18T01:19:19Z
77,@ShiroShish-k7v,Genje,0,2025-01-12T11:02:32Z
78,@MaryMshai-to7mc,ğŸ˜‚ğŸ˜‚ğŸ˜‚ğŸ˜‚ğŸ˜‚ğŸ˜‚,0,2024-12-28T14:10:40Z
79,@GabrealandLuckyMasudi,Hugo wa cargo ya jeshi aogeğŸ˜…ğŸ˜…ğŸ˜…ğŸ˜…,0,2024-12-28T11:34:04Z
80,@eugineekesasikuku,Kijana ya busia ababu,0,2024-12-23T12:01:53Z
81,@QoiGenZi,"How to Help a Woman Reach Orgasm: Tips for Better Intimacy"" - https://youtu.be/GU-7UKqW2So",0,2024-12-12T23:56:50Z
82,@marymuthoni1738,I love thisğŸ‰,0,2024-12-11T03:52:46Z
83,@judsonnyambane,Huyo wa colorful Ana fill vibaya but pole ka Mama,0,2024-12-10T09:47:34Z
84,@judsonnyambane,Remove makamasi,0,2024-12-10T09:45:20Z
85,@judsonnyambane,Una boo,0,2024-12-10T09:44:37Z
86,@brightonbosire-y4x,wacha atoke alie iyo kitu imtoke,0,2024-12-09T10:43:37Z
87,@fatmaabubakar-b5d,they do with beaf,0,2024-12-08T09:42:44Z
88,@JimimAuriel,I like I this ğŸ“· video â™¥ï¸ğŸ˜ğŸŒ¹ğŸ‘ğŸ‘,0,2024-12-06T05:03:58Z
89,@LYDIAKAGARI,Huyo Masai n karembo,2,2024-12-03T18:36:01Z
90,@ChelineAchieng-zc1zn,Wow nice,0,2024-12-03T11:25:17Z
91,@ISOTONICELVIS-j4s,Toa makamasi,0,2024-12-03T08:49:49Z
92,@NicholasMbaruku,Has abusive,0,2024-11-29T21:00:50Z
93,@drdlsmagicas,Huyo maasaiğŸ¤£ğŸ¤£ğŸ¤£ğŸ¤£ğŸ¤£,1,2024-11-29T12:26:40Z
94,@gladyswairimu-q7k,ğŸ‰ğŸ‰ğŸ‰Show iko lit sanaaaaaaa,3,2024-11-17T21:16:00Z
95,@jobokomo-d4s,it was very ejoyfull,1,2024-11-15T18:14:25Z
96,@ChelineAchieng-zc1zn,Wazi man,1,2024-11-15T10:05:37Z
97,@derrickElvis-p7t,ğŸ˜‚ğŸ˜‚ğŸ˜‚ğŸ˜‚ Gotha tena,0,2024-11-10T20:25:00Z
98,@SERAMWANGI-p9i,fire,1,2024-11-08T10:18:51Z
99,@WanjikuGikandi-s8b,Usi lie huyo dem wakuanzağŸ˜‚ğŸ˜‚,2,2024-11-07T10:40:43Z
100,@SarahMoraa-t6t,Mimi nakupenda alma â¤ï¸â¤ï¸â¤ï¸Hi show na penda mbaya sana,0,2024-11-06T20:54:23Z
101,@HalietK,It's burning hot,0,2024-11-02T14:26:45Z
102,@NathanielsNyatika,Noma walai ingine Alma,1,2024-10-29T10:47:21Z
103,@StacyWambo-i5j,Naweza join aje,0,2024-10-28T22:07:15Z
104,@OnzeeTom,Hey Alma can u bring a show to Maasai Mara university,0,2024-10-23T10:37:34Z
105,@muthomiii,Sandra is so fineeeeeeeeeeeeeeğŸ˜,3,2024-10-10T10:49:27Z
106,@FlocyAluoch-vb3dp,Gangster ziiğŸ˜‚ğŸ˜‚,0,2024-10-03T15:13:19Z
107,@sheillasammy9340,Show poa madem wako petite,0,2024-10-02T05:46:45Z
108,@alvintv-r5u,ule boy  wa  jacket red alienda wapi,0,2024-09-25T10:45:23Z
109,@FeelDark24,So it's more of actingğŸ¤” ati we ni beshte ooh umesikwa na morio wangu. I thought it's for all stranger. Fv.ckn boring,0,2024-09-21T16:03:04Z
110,@sammyndungu5215,Weh ğŸ˜¢,0,2024-09-21T01:24:13Z
111,@captainobi,people are being roasted like sh*t,1,2024-09-14T07:39:44Z
112,@smileymeg2539,I lyk the second one..... second last....and third,0,2024-09-11T14:03:36Z
113,@smileymeg2539,Ati babu those boys are so funny ğŸ¤£ğŸ¤£ğŸ¤£ Waaah,0,2024-09-11T13:57:48Z
114,@EmmanuelKahindi-k3q,KAFALA ALITUNDURWA TUMADIGOLO,0,2024-09-06T14:32:07Z
115,@EdnahMusyoki-g8j,ğŸ˜‚ğŸ˜‚ğŸ˜‚,0,2024-09-01T12:08:16Z
116,@johnkalinga-gb4ry,"I LIKE SO,EBODY WHO IS FARE TO ALL NOT TELLING A PERSON THAT SHE LOOKS LIIKE A PERSON FROM OCHA",0,2024-08-12T14:27:15Z
117,@EmmanuelBwire-y3u,WowğŸ‘ğŸ‘,0,2024-08-12T11:00:56Z
118,@GoereWahumu,Booring,0,2024-08-11T06:56:05Z
119,@magdalenew.mwanyota5901,Hizi aibu sipendi ata nione boy wangu hapa ğŸ˜‚ğŸ˜‚ğŸ˜‚ğŸ˜‚ğŸ˜‚ğŸ˜‚ğŸ˜‚ğŸ˜‚itabidi nimeenda juu akiabishwa staki kusikia nitalia ğŸ˜¢ğŸ˜¢ğŸ˜¢ğŸ˜¢ğŸ˜¢ğŸ˜¢nampenda ğŸ˜…ğŸ˜…ğŸ˜…ğŸ˜…ğŸ˜…ğŸ˜…ğŸ˜…,4,2024-08-10T21:15:51Z
120,@Princekev0890,Huanga mbayağŸ˜‚ğŸ˜‚,1,2024-08-09T09:41:02Z
121,@EstherKitsau,The black guy is very  cute,1,2024-08-04T12:14:46Z
122,@Steelforge-g6e,ğŸ˜‚ğŸ˜‚ğŸ˜‚ğŸ˜‚ waaah hii nayo apana,0,2024-08-03T13:12:31Z
123,@JamesMusaJamesjemo,â¤â¤â¤â¤â¤â¤â¤,1,2024-07-31T12:44:53Z
124,@bensonmwangudza4764,ğŸ˜‚ğŸ˜‚ğŸ˜‚ğŸ˜‚ğŸ˜‚,0,2024-07-18T12:27:00Z
125,@confessions-j9j,https://youtu.be/cqanabBD1MQ?si=PHBY4Cf_HbaLnlvK,0,2024-07-15T16:37:06Z
126,@confessions-j9j,https://youtu.be/cqanabBD1MQ?si=PHBY4Cf_HbaLnlvK,0,2024-07-15T16:36:51Z
127,@stevenyagwachi9881,Kuna huyo dem kila msee alikataa tf guysğŸ˜‚,0,2024-07-08T14:13:18Z
128,@JohnOkoth-c3d,The lady with the white earphone is just mwaaah!!!!I could have kissed her first,1,2024-07-06T12:54:39Z
129,@JohnOkoth-c3d,The lady with the white earphone is just mwaaah!!!!I could have kissed her first,0,2024-07-06T12:53:40Z
130,@JohnOkoth-c3d,The lady with the white earphone is just mwaaah!!!!I could have kissed her first,0,2024-07-06T12:53:19Z
131,@JohnOkoth-c3d,The lady with the white earphone is just mwaaah!!!!I could have kissed her first,0,2024-07-06T12:53:04Z
132,@AngelinaArnold-k4z,Of duct,0,2024-07-05T15:24:07Z
133,@AngelinaArnold-k4z,ğŸ˜‚ğŸ˜‚ğŸ˜‚ğŸ˜‚ğŸ˜‚ğŸ˜‚ğŸ˜‚ğŸ˜‚ğŸ˜‚ğŸ˜‚ğŸ˜‚ğŸ˜‚ğŸ˜‚ sorry to,0,2024-07-05T15:12:06Z
134,@AngelinaArnold-k4z,ğŸ˜‚ğŸ˜‚ğŸ˜‚ğŸ˜‚,0,2024-07-05T15:11:24Z
135,@AngelinaArnold-k4z,Ndioâ¤â¤â¤â¤â¤â¤â¤â¤â¤â¤â¤â¤â¤â¤â¤ good to be very busy day at work love you and hope you like the way I 4,0,2024-07-05T15:10:20Z
136,@AngelinaArnold-k4z,Weeeeeeeeeeemmmmmmdiniâ¤â¤â¤â¤â¤â¤â¤aau?,1,2024-07-05T15:08:55Z
137,@AngelinaArnold-k4z,ğŸ˜‚ğŸ˜‚ğŸ˜‚ğŸ˜‚ğŸ˜‚ğŸ˜¢wee unafanya kwa ajil the same time 8,1,2024-07-05T15:07:37Z
138,@AngelinaArnold-k4z,Eeeeeeeeeeeeeeeerrug ğŸ˜‚ğŸ˜‚ğŸ˜‚ğŸ˜‚ğŸ˜‚â¤,0,2024-07-05T08:01:32Z
139,@AngelinaArnold-k4z,ğŸ˜®wewewe11hduh you have a test ysiifhfis â¤â¤â¤â¤â¤â¤â¤â¤â¤â¤â¤ğŸ˜¢,0,2024-07-05T08:00:15Z
140,@AngelinaArnold-k4z,IpiyeasdtğŸ‰ğŸ˜‚ğŸ˜¢,0,2024-07-05T07:59:12Z
141,@Nasnasmmg-s5r,Achaku  ku  chongowa  maasai,0,2024-07-04T16:07:56Z
142,@ElizabethNjeri-o1t,The Mick mouse girl ğŸ˜¢ğŸ˜¢ğŸ˜¢... Wanamuonea,1,2024-06-29T14:32:29Z
143,@EstherWanjiru-i5q,â¤â¤â¤ğŸ˜…ğŸ˜…,0,2024-06-28T10:07:38Z
144,@SylviahGithinji,kali sana,0,2024-06-18T05:50:20Z
145,@raykibor077,Aty how many legs do you have then boom mbona umevaa kitu Kwa usoğŸ˜‚ğŸ˜‚ğŸ˜‚,0,2024-06-18T01:26:20Z
146,@Blacktvkenya,https://youtu.be/Ct6oQlSWEtU?si=QjN8CUijf8qrnwFp,0,2024-06-14T07:16:48Z
147,@TumuhaisePearl,Am always watching from Uganda big up guys,3,2024-05-17T21:39:36Z
148,@EdwardMutinda-vp4ne,He don't luke quite,0,2024-05-17T20:16:30Z
149,@BensonmbengeimbuviBen,It's red hot ğŸ¥µ ğŸ”¥,0,2024-05-01T00:30:59Z
150,@ruthngugi-rv3ol,"Girl with yellow trouser,ğŸ¤§ğŸ˜ğŸ˜ğŸ˜ğŸ˜ğŸ˜ğŸ˜ğŸ˜",0,2024-04-24T11:49:48Z
151,@dennisnyaga7829,dah!ğŸ¤£ğŸ¤£ğŸ¤£,1,2024-04-23T22:46:07Z
152,@WesleyPeter-vk1jh,Fela lit the show on fireğŸ”¥,2,2024-04-22T22:29:22Z
153,@waden-ex.ug-78,My lovely friend waden music tikula love,0,2024-04-15T19:03:21Z
154,@waden-ex.ug-78,My lovely friend waden music tikula love,3,2024-04-15T19:02:29Z
155,@OfficialShaddyPrince,NomaaağŸ˜‚ğŸ˜‚,0,2024-04-15T10:57:41Z
156,@EmmanuelNduko-rk4dr,Sandra manzee hyo dem amekisiwa n almost kila mtuğŸ¥°ğŸ¥°,3,2024-04-07T21:35:01Z
157,@Wachekewritespoems,Boy wa mwisho eiyyy. A whole vibe bana.....,3,2024-04-05T19:46:54Z
158,@margaretwambui7545,We kihara ya uyo mbaba ina ni choma macho jooğŸ˜‚ğŸ˜‚ğŸ˜‚ğŸ˜‚ğŸ˜‚,0,2024-04-05T19:04:36Z
159,@linconking6443,Bro lasima ungeweka part ya golfğŸ˜‚,0,2024-04-04T11:31:56Z
160,@NdayisengaBRIGHTON,Gaiii,1,2024-04-04T11:15:16Z
161,@earnwithme6515,"Huyo girl wa green alipitiağŸ˜‚ğŸ˜‚ğŸ˜‚,,nko sure alienda kwa camera 20 timesğŸ˜‚ğŸ˜ª",1,2024-03-30T21:02:41Z
162,@AkishKs,ğŸ¤£ ğŸ¤£ ğŸ¤£ ğŸ¤£ ğŸ¤£ ğŸ¤£ Wtf,0,2024-03-23T13:26:45Z
163,@ElizabethLucky-rm4xu,ati ako nyash adi kushinda almağŸ˜‚ğŸ˜‚ğŸ˜‚ğŸ˜‚ğŸ¤£,1,2024-03-23T01:03:31Z
164,@LovelyBassGuitar-pl4tk,Tunapata doze slowly by slowly,1,2024-03-21T06:47:40Z
165,@ROSAMREMBO,Mahaba tu,0,2024-03-11T11:39:37Z
166,@Hailboy,Madem hamko serious mwanaume anapeana aje 360 kwani ni wa ile gender!!!ğŸ˜¥ğŸ¤£ğŸ¤£ğŸ¤£ğŸ¤£,1,2024-03-03T10:03:18Z
167,@fredrickotieno9077,Hii nayo iliboo,1,2024-02-25T16:35:36Z
168,@githinjiann600,Self esteem ya the afro guy aki ğŸ˜¢ğŸ˜¢,0,2024-02-20T19:43:56Z
169,@PeninnahmwendeMwanzia,Uyo  guy ameambia akafute kamasi n wa owm mwambie are style up,5,2024-02-05T09:27:30Z
170,@amosmoso,Alma we want ganster vibes.....hutu tudem ni tutoto tunablash sana nkt!!!,0,2024-02-04T11:11:42Z
171,@Hans-co3bi,our watu wanakill show,0,2024-02-03T10:39:40Z
172,@sammyperry6954,Are they human beings or an animal please?,0,2024-01-24T18:05:27Z
173,@josephochieng-os4sr,Mbona nilimiss hiiğŸ˜¢...bwana billy telağŸ˜‚,0,2024-01-03T14:34:03Z
174,@kingyobby,alma never disappointğŸ”¥ğŸ”¥â¤â€ğŸ”¥ğŸ¥°ğŸ˜â¤,3,2024-01-03T14:07:05Z
175,@leonardkamau-x1w,ğŸ¤£ğŸ¤£ğŸ¤£ğŸ¤£all over sudden matako kwa tumbo ğŸ˜…ğŸ˜‚ğŸ˜‚am addicted to this show,37,2023-12-31T22:01:55Z
176,@DavidAbel-ym5ip,Na kwa niniwana Gambia madame wafanye 360 watuonyeshe 360 Yao atakama ni gameğŸ˜…ğŸ˜‚,6,2023-12-29T06:42:55Z
177,@DavidAbel-ym5ip,"Alma huyo WA 360 awache ujinga
Fck",5,2023-12-29T06:35:28Z
178,@benardkorir8693,soo good,0,2023-12-24T19:49:12Z
179,@soccerzone9019,Hii mimi siwezi jaribu,1,2023-12-22T21:53:13Z
180,@FlocyAluoch-vb3dp,Leteni pasta,1,2023-12-20T14:23:53Z
181,@FlocyAluoch-vb3dp,Alma nope mwenye dimple huyo mjakaâ¤â¤â¤,0,2023-12-20T14:18:19Z
182,@OmarChibanda,"Anaitwa Kimeu,,ğŸ˜‚ğŸ˜‚,,WtfğŸ˜…ğŸ˜…",0,2023-12-16T13:49:54Z
183,@mohameddeeq1039,ALMA NAYO HII NI PERSONAL ATI KIHARA INAMPEA VYBE YA BABU YKO SURLY,1,2023-12-11T23:30:50Z
184,@JanetSharly,Weh show Iko litğŸ”¥ğŸ”¥,1,2023-12-07T17:30:40Z
185,@denwaizkenya8772,Uyo dem amelengwa na wasee wengi but ni vibe,2,2023-12-06T13:24:30Z
186,@MWANYUSH,such nice one,1,2023-12-05T08:16:30Z
187,@shadracknyabuto69,Sandra anakaa mkisii ğŸ˜‚ğŸ˜‚ğŸ˜‚,1,2023-11-29T17:02:42Z
188,@kemmy1366,No one is talking about diss za fela mannnnn ğŸ˜‚ğŸ˜‚ğŸ˜‚ğŸ˜‚ğŸ˜‚ğŸ˜‚ğŸ˜‚ğŸ˜‚ğŸ˜‚ğŸ˜‚ğŸ˜‚ğŸ˜‚ğŸ˜‚ati matako kwa tumbo!!,1,2023-11-21T14:32:20Z
189,@IAMHIM-cq8el,UmalayaağŸ˜‚,0,2023-11-21T06:28:58Z
190,@mainamahita9649,nimesikia almkende,0,2023-11-20T11:05:14Z
191,@GAMESWITHVEE,https://youtu.be/9Gz3f5B1zhk?si=nQij6h-kQuJOQWLk,0,2023-11-18T14:26:28Z
192,@EuniceWambui-ld2uz,Hii ni serious walahi ğŸ˜‚ğŸ˜‚ğŸ˜‚,0,2023-11-16T23:17:52Z
193,@charlesnyandiko7245,Alma Omg si huyo dem wa coloured outfit anakaa gorgeous,7,2023-11-14T10:47:09Z
194,@Movie_Cutz54,weh ukianza diss kila mtu acha tu wawiliğŸ¤£ğŸ˜‚,1,2023-11-07T12:25:28Z
195,@annwanjira,Nmecheka the whole videoğŸ˜‚,1,2023-11-04T22:40:09Z
196,@smartcardpictures316,huyo dem wa kwanza nmejua chali yake in this video,0,2023-11-02T11:04:46Z
197,@xcixalpha,ğŸ˜‚ğŸ˜‚wuee,0,2023-10-31T20:35:07Z
198,@josephgakuru841,Aki sasa mbona mnanishtua karibu niangushe simu,1,2023-10-24T15:36:12Z
199,@pamelandolo5308,It's the editsğŸ˜‚ğŸ˜‚ğŸ˜‚jooh nimeishağŸ˜‚ğŸ˜‚,1,2023-10-22T02:24:20Z
200,@monicamwakazi2919,hamna kazi,0,2023-10-21T14:20:37Z
201,@JoelMuli-wg5cm,To nice mutheu it is romantic,0,2023-10-20T11:33:10Z
202,@sharzieMarie,Wednesday ni horror ğŸ˜‚...kwani which Wednesday did i watch,0,2023-10-19T19:04:39Z
203,@isaackmaipei4563,can l join the classğŸ˜ğŸ˜ğŸ˜ğŸ˜ğŸ˜ğŸ˜ğŸ˜ğŸ˜ğŸ˜ğŸ˜ğŸ˜ğŸ˜ğŸ˜,0,2023-10-08T13:00:16Z
204,@beatricethyaka,I love ur show,0,2023-10-08T12:20:19Z
205,@beatricethyaka,I love ur show,0,2023-10-08T12:18:11Z
206,@LizzieBoke,ğŸ˜‚ğŸ˜‚ğŸ˜‚ğŸ˜‚ğŸ˜‚,0,2023-10-05T22:03:16Z
207,@MisfitDaSweat,UnKAa umetoka ushago,0,2023-09-30T21:49:13Z
208,@elchaponiccur7369,Watu wakikiss acha kueka emoji watu ni wazima joh ..... anyway big up that's nice,4,2023-09-22T14:49:18Z
209,@eugenemukeni7566,Am lightskin buh dis 1st boy is cringe af,0,2023-09-19T22:32:46Z
210,@MasabaMalekana,HAHAHAH,0,2023-09-19T21:32:28Z
211,@waruimwaniki5859,show imeweza sana. nimecheka ya mwaka,3,2023-09-18T09:00:29Z
212,@Okaka-kv1im,@Alma kuna dem nmecrushia hapağŸ˜‚connection manzeeğŸ˜‚ğŸ˜‚ğŸ¤¦â€â™‚ï¸,0,2023-09-03T00:47:51Z
213,@YvonneAnyango-mq1gm,Hawa madem wako na umama mob mbona wanakiss aje maboy qwa mukono qwani wao ni vienyeji,0,2023-08-30T07:37:31Z
214,@wizmwabebe8357,nice show,0,2023-08-28T12:34:11Z
215,@audreycelestine2024,Good stuffğŸ˜‚ğŸ˜‚ğŸ˜‚Me hukuwa msee wa kuforward YouTube vids na kuwatch nusunusu lakini sijui venye nimewatch hii patiently mpaka mwishoğŸ˜‚ğŸ˜‚ğŸ˜‚Lakini sipendi venye mmeonea dem number 5...ako tu sawa. Anyway...kudos to the editorğŸ”¥ğŸ”¥Made it even more funny. Also Master is vibesssğŸ”¥ğŸ‘And is clearly a nice guy. He looks fun to hang with.,0,2023-08-27T12:56:07Z
216,@Emmanuelketer-y1z,Hahaa manieno ni niceğŸ˜‚ğŸ˜‚â¤â¤â¤â¤,0,2023-08-27T09:41:19Z
217,@victordudi4107,Jakeem,0,2023-08-25T19:41:08Z
218,@raylen327,Nimeshika majina mbili tu. Sandra na Mercy,1,2023-08-25T13:38:41Z
219,@marywairimu3669,ğŸ˜¢ghaii huku n wapi,2,2023-08-22T19:44:25Z
220,@PrishieAkao,we were  eating snacks though my frnd burst into laughter and poured juice in the snack,0,2023-08-22T17:10:11Z
221,@margaretnjeru3736,@the abuto's is that really you like ni ukweli mlibreak up na babymamağŸ¥º,1,2023-08-22T17:03:52Z
222,@SusanWambui-z9o,ğŸ˜…ğŸ˜…ğŸ˜…ğŸ˜…ğŸ˜…,0,2023-08-20T20:25:13Z
223,@Counselorredempta,She cold,0,2023-08-19T19:37:37Z
224,@Counselorredempta,Hugo mniga iza jo,0,2023-08-19T19:35:33Z
225,@benardkudoyi9596,"kuja kibabii university
ğŸ˜‚ğŸ˜‚",0,2023-08-16T13:29:29Z
226,@JacklineJosia-qs5hb,YawağŸ˜‚â¤,1,2023-08-16T12:48:49Z
227,@Pendoliza,ğŸ˜…ğŸ˜…ğŸ˜…,0,2023-08-15T11:53:55Z
228,@Pendoliza,Master wao ikosawa,0,2023-08-15T11:53:35Z
229,@wangarigitau1577,Hii in kali,1,2023-08-14T22:34:05Z
230,@1Director-Naphtali,"alma rudi mmu ,,,na hao madem wako kutu",1,2023-08-03T19:35:46Z
231,@stanleymghendi8416,Mtu anakaa aje ufalağŸ˜‚ğŸ˜‚ğŸ˜‚,1,2023-08-01T20:19:11Z
232,@victorchemusian573,Emotional ğŸ’”,0,2023-07-23T08:40:21Z
233,@undmalicio,Bro was  disappointed,0,2023-07-21T20:11:30Z
234,@undmalicio,Yo bro was blushing after the lip kiss .girl show on fire baby,0,2023-07-21T20:06:06Z
235,@tobiasosano,"good i love that
ğŸ˜ğŸ¥°ğŸ¤©ğŸ˜†",1,2023-07-17T08:09:53Z
236,@grizzly_franky,I was eating and I splashed some of the food on my screen when I burst into laughterğŸ¤£ğŸ¤£kudos to the editorğŸ”¥ğŸ”¥ğŸ™Œ,5,2023-07-14T19:24:01Z
237,@MandyKeshy,HağŸ˜‚ğŸ˜‚ğŸ˜‚ğŸ˜‚ğŸ˜‚ noma,0,2023-07-14T07:09:38Z
238,@nestao1ando,20:14---20:17 nautoe makamasi ğŸ˜‚ğŸ˜‚,0,2023-07-10T15:17:28Z
239,@Nixkenyan,Mbona cjai jua kuna greatness hukuğŸ˜‚ğŸ˜‚ğŸ˜‚,2,2023-07-08T11:51:40Z
240,@joycechola1691,Can you please be putting subtitles for us the international viewers.,2,2023-07-08T07:29:37Z
241,@JASONGITONGA-q8l,Hiyo ni nomaağŸ˜‚ğŸ˜‚ğŸ˜‚ğŸ˜‚ğŸ˜‚alma ur show is lit,1,2023-07-07T10:28:59Z
242,@kimturgut,best,1,2023-07-06T20:27:56Z
243,@ALEXMWANGI-y5y,huyo dem ame kiss huyo boy amewezağŸ˜ğŸ˜,0,2023-07-04T08:43:27Z
244,@miguelwambugu9286,si adi Alma ukam NIBS TECH iko ruiru tufanye ii kitu kuna mafans izi sides @Alma..,0,2023-07-03T12:02:53Z
245,@user-Mullah025,Bois anaambiwa ako na makasi ndo boy sasağŸ˜‚,0,2023-07-03T10:36:15Z
246,@deborahdeborah1,The first guy in glasses was SUPER CRINGY AF!!!,2,2023-07-01T00:31:29Z
247,@aminamusa3645,Huyo mwenye amepeana kofia muambie namdai â¤â¤â¤â¤â¤,1,2023-06-25T18:35:01Z
248,@jmmaina,uyu wa madredi johğŸ˜‚ğŸ˜‚amenijengea siku niaje wueehğŸ˜‚comebacks genje niaje,2,2023-06-25T11:43:43Z
249,@wangaamwass6415,Alma yu always make my deiğŸ˜‚ğŸ˜‚ğŸ˜‚ğŸ˜‚ğŸ˜‚aky ğŸ”¥,1,2023-06-08T19:36:48Z
250,@deejayness254,The show is nice but Most of the people are body shaming others and only God knows what the comments may be doing to them behind closed doors,2,2023-06-03T19:52:38Z
251,@ODDSTREETMANZ,Ukienda unatafuta ka boy kamoja ka kutoka ghetto,0,2023-05-27T12:06:11Z
252,@Lucky-hm3qh,The black girl with decorated teeth got an emotional damage ğŸ˜¢ğŸ˜‚,0,2023-05-27T01:08:01Z
253,@Absalam-i1j,Unakaa tu falaa ğŸ˜…ğŸ˜…,0,2023-05-26T22:38:52Z
254,@verickntabo1783,Kujeni Maasai mara University nitawahostğŸ˜‚,1,2023-05-22T18:56:40Z
255,@Nellywangui12,ğŸ˜‚ğŸ˜‚ğŸ˜‚Woooi Nessy,3,2023-05-22T06:02:16Z
256,@clarenelima4119,Sasa hatutaona kiss za mdomo AlmağŸ˜‚ğŸ˜‚,0,2023-05-19T13:50:43Z
257,@Odipo-vd4le,"""I don't like ur stomach""gat !e dyingğŸ˜‚ğŸ˜‚ğŸ˜‚",7,2023-05-15T14:40:30Z
258,@donraheem9209,Watching from  watamu malindi .. Sasa Alma inabidi utuletee show ivi uku watamu ğŸ™ğŸ™ğŸ™ğŸ˜ğŸ˜ğŸ˜,6,2023-05-14T21:05:13Z
259,@mashipei,Master is okay like he looks like a genuine good soul to hang around.  Y'all just putting his esteem down bure,4,2023-05-13T10:35:24Z
260,@mashipei,Not the editing ya kimaasai ğŸ˜‚ğŸ˜‚,0,2023-05-13T10:13:32Z
261,@jadee.302,Kuna boy ako na utoto apo ako ka makamasiğŸ˜‚ğŸ˜‚ğŸ˜‚ğŸ˜‚,0,2023-05-11T15:12:14Z
262,@jadee.302,Upee mtu kiss tatu alafu akudiss kwa hao watu woteğŸ˜‚ğŸ˜‚ğŸ˜‚,14,2023-05-11T14:18:57Z
263,@Mwauraszn,TeslağŸ˜‚,0,2023-05-04T20:31:09Z
264,@sunriseflo9630,Huyo anauliza mambo na showering manze ğŸ¤£ğŸ¤£ğŸ¤£ğŸ¤£ğŸ¤£,0,2023-05-04T00:01:46Z
265,@leahwaliaula7779,Apo kwa miwa nimeishağŸ˜‚ğŸ˜‚ğŸ˜‚ğŸ˜‚ğŸ˜‚ğŸ˜‚ğŸ˜‚ğŸ˜‚ğŸ˜‚,0,2023-05-03T20:16:27Z
266,@collinskariuki34,Kadhi is the most perfect girl hapo â™¥ï¸â™¥ï¸â™¥ï¸â™¥ï¸ğŸ¤,0,2023-05-01T05:14:19Z
267,@kentcharya298,Matako kwa tumbo ..wtf??ğŸ˜‚ğŸ˜‚ğŸ˜‚ğŸ˜‚,1,2023-04-29T13:13:43Z
268,@marymacharia4447,huyo msee wa kwanza anafanana na  mwalimu  wangu wa kiswa no ofence,0,2023-04-28T15:38:00Z
269,@toniamsarl1343,"bana alma mbona mnaficha wasee waki kiss
ğŸ˜’ğŸ˜’ğŸ˜’",0,2023-04-26T15:46:32Z
270,@hannahkym6882,Hyu wA makamasi anaujinga,0,2023-04-25T14:05:48Z
271,@brianmaina8831,Wee wacha tuone watu wakipigana mate,4,2023-04-24T20:51:26Z
272,@simonmallu2972,"9:12 'Iko, lakini ile ndio iko juu'ğŸ˜‚ğŸ˜‚",1,2023-04-24T19:39:42Z
273,@loisendisya2739,Huyo wa makamasi anaringa nn ningemdis ashangaeğŸ˜…ğŸ˜…,4,2023-04-24T10:54:13Z
274,@loisendisya2739,Huyo akona nyashğŸ˜‚ğŸ˜‚ğŸ˜‚,1,2023-04-24T10:48:14Z
275,@borkenmohamud5931,Kuna vile hii Channel inanibamba mbaya ğŸ˜…ğŸ˜…ğŸ˜…ğŸ˜…ğŸ˜…ğŸ˜…ğŸ˜…ğŸ˜…ğŸ˜…ğŸ˜…,0,2023-04-23T23:02:03Z
276,@beckybella9402,Wow the show was litâ¤â¤â¤ğŸ˜‚,1,2023-04-23T16:51:46Z
277,@wairimore,Shar is a vibe ğŸ¥°,2,2023-04-23T12:02:35Z
278,@wairimore,You think you've heard the worst until the show continues.. keep watching ğŸ˜œğŸ˜‚ğŸ˜‚,5,2023-04-23T12:00:34Z
279,@wairimore,Frank looks so frankğŸ¥°ğŸ˜ªğŸ˜‚ğŸ˜‚,0,2023-04-23T11:06:40Z
280,@sandrakisala2897,Salami  G boy ğŸ‘ğŸ«¶,1,2023-04-23T07:47:32Z
281,@kevinodero9662,Hapa kama wewe si roho ngumu hautoboi.,0,2023-04-22T23:08:27Z
282,@all_hail_juice,Mambo yamechemka,0,2023-04-21T15:23:20Z
283,@Damil002,https://youtube.com/@damil01,1,2023-04-21T13:31:47Z
284,@Tezzya-Ilhaam,ğŸ˜‚ğŸ˜‚ğŸ˜‚ğŸ˜‚whoever edited this thoughğŸ˜‚ğŸ˜‚ğŸ˜‚ğŸ˜‚ğŸ˜‚ğŸ˜‚my ribs yooh,3,2023-04-21T03:59:22Z
285,@graphydee9383,Kiharaaaa weeeeh diss ya mwakağŸ˜‚,3,2023-04-20T22:43:45Z
286,@graphydee9383,Na msikue mnaficha watuvwakikiss mdomo ni nini hatujai ona ğŸ˜‚,0,2023-04-20T22:31:04Z
287,@graphydee9383,I watch to pass time because you guys Normally don't bring new people most times Hadid game inaboo,0,2023-04-20T22:30:31Z
288,@aggfamily6163,Amazing content keeping it cooking ğŸ˜‚ğŸ˜‚ğŸ˜‚ğŸ˜‚,3,2023-04-20T17:59:49Z
289,@charlottespadafora3084,Mbona I donn lik him face f*k off,1,2023-04-20T16:54:12Z
290,@meghanari18,"Hey am new to this channel, I really love your videos Alma keep it upğŸ˜Š",5,2023-04-19T19:32:09Z
291,@baloziwakendubay9456,This man united fan is so funny ğŸ¤£,1,2023-04-18T06:06:01Z
292,@LibbyJamila,Master actually looks goodğŸ˜‚,3,2023-04-17T14:18:01Z
293,@wizdanmukubito6952,Dredy man ameweza sanağŸ˜‚ğŸ˜‚ğŸ˜‚,1,2023-04-17T08:13:41Z
294,@go_geter254,Alma hutufanyi poa hapo kwa kissğŸ˜‚ğŸ˜‚ğŸ˜‚ğŸ˜‚ğŸ˜‚,1,2023-04-16T19:23:59Z
295,@muzukea.647,Mm naye nadai gram ya mercya,0,2023-04-16T09:26:02Z
296,@derekmasiga7647,master ako juuuğŸ¤£ğŸ¤£ğŸ¤£,1,2023-04-15T21:08:34Z
297,@koimaina01,Leta machali mature enough,3,2023-04-15T09:35:30Z
298,@its_.brian_,Alma why do you hide the kisses ğŸ˜‚,2,2023-04-14T22:33:33Z
299,@susankyalo7931,Huyo kijana alikuwa ametoka usiambiwe kitu uko fiiiine mbayaaaaa..huyo wa carolight atangulie kwa hio kampuniğŸ˜‚ğŸ˜‚,14,2023-04-14T12:58:52Z
300,@allanareba3999,wewe  Alma sasa  mbona  mna nipiga  hivio  na  hio Golf  ball   watu waki kiss,0,2023-04-13T17:41:42Z
301,@AnnieKim-ke9oh,Aki hii contect inabo.. juu niya watoi tupu,0,2023-04-13T07:30:27Z
302,@Sophisticated.ke254,MEN SHOULD KNOW THAT TELLING A GIRL YOU ARE KISSING HER BECAUSE OF THEIR SKIN IS NOT A COMPLIMENTğŸ“¢ğŸ”ŠğŸ”ŠğŸ”ŠğŸ”ŠğŸ”ŠğŸ”ŠYOU ARE JUST A COLORIST AFRICAN WITH A VILLAGE MENTALITYğŸ”ŠğŸ”ŠWacheni ujinga na wazazi wenu ni weusi pia lol,1,2023-04-12T21:39:43Z
303,@Sophisticated.ke254,"11;18ğŸ˜…ğŸ˜‚ğŸ˜‚ğŸ˜‚hachukui vitu personalğŸ˜…ğŸ˜…heâ€™s cute thoâ€™ğŸ˜
â€œSi kurahisi walahiâ€killed meğŸ’€ğŸ˜­",0,2023-04-12T21:11:29Z
304,@kenya_Trending_News,"MMU to the fullest
road to a million subsc..... @naibei tv",0,2023-04-12T20:28:19Z
305,@mrtamtam3020,360ğŸ¤£ğŸ¤£ğŸ¤£ğŸ¤£ğŸ¤£ğŸ¤£,1,2023-04-12T10:27:00Z
306,@Mose_001,Black is beauty. Whomever disguises a man based on his black color doesn't know what she's doing.,0,2023-04-12T07:33:48Z
307,@Mose_001,WambuiğŸ˜…ğŸ˜‚,3,2023-04-12T07:12:35Z
308,@mosesmugo3183,Ati what time did you shower hahahhaha haka kamdame kameniua,2,2023-04-11T23:34:06Z
309,@rachealmbugua5363,Aki ambia huyo wa V tusipatane conner mbaya ğŸ˜‚ğŸ˜‚ğŸ˜‚ğŸ˜‚ğŸ˜‚ati madam wanono wananukanga mkundutheeğŸ˜‚ğŸ˜‚ğŸ˜‚ğŸ˜‚aki tusipatane pahaliğŸ˜‚ğŸ˜‚ğŸ˜‚ğŸ˜‚ğŸ˜‚,2,2023-04-11T19:49:32Z
310,@rogoiyomuthoni3625,Chali wamwisho  akona madhrau,0,2023-04-11T17:28:47Z
311,@josephndungu3053,Nikumuoto manzeeğŸ˜‚ğŸ˜‚ğŸ’”,0,2023-04-11T17:24:23Z
312,@Theouterblaqx,FelağŸ˜‚ğŸ˜‚gaddemitğŸ’ªğŸ˜‚ğŸ˜‚ğŸ˜‚,1,2023-04-11T16:12:41Z
313,@victordudi4107,Huyu maasai anaonewa sana jamani,28,2023-04-11T15:31:06Z
314,@SPICEDUP,hawa wanaact kama watoto tu,1,2023-04-11T14:12:28Z
315,@vinman6150,huyo dame wakwanza mwenye ameanza kiss or Diss kwani anasomeanga University zote KenyağŸ˜‚ğŸ˜‚ğŸ˜‚ alikuwa Embu akaenda Kirinyaga sai ako Multimedia aiii ğŸ˜‚ğŸ˜‚ğŸ˜‚ madem enyewe hukuwa hatari. ka iko mtu anarelate ebu reply chini for more info ju wueeh ğŸ˜‚ğŸ˜‚ğŸ˜‚ğŸ˜‚ğŸ˜‚ğŸ˜‚,4,2023-04-11T14:03:19Z
316,@Seatheprince524,Huyo mwenye ameambiwa akatoe kamasi anakaa Alien hadi cjui madem wameona nini kwake,5,2023-04-11T11:58:16Z
317,@heryatshan2064,Alma lakini mbna utaki tuone kiss ğŸ˜¢ğŸ˜‚ğŸ˜‚ğŸ˜‚,0,2023-04-11T09:45:59Z
318,@leahmuthoni2608,"I just love your videos alma...kwanza izo videos za kuchekesha katikati ya vÃ­deo,mehn Huwa nacheka adi naliağŸ¤£ğŸ¤£",0,2023-04-11T09:15:54Z
319,@raybonny8903,Krb mnivunjie simuğŸ˜‚ğŸ’”,0,2023-04-11T09:14:55Z
320,@saitopunyuah7833,Maasaiâ¤â¤â¤,0,2023-04-11T07:48:57Z
321,@jackymyrashow8824,The last boy nishampenda already he is just a vibe like wale bring him more and moreğŸ˜‚ğŸ˜‚â¤â¤â¤â¤,11,2023-04-11T02:45:28Z
322,@britneywanja.2370,Huyo wa makamasiğŸ˜‚ğŸ˜…ğŸ˜¢,5,2023-04-10T23:47:58Z
323,@flirty_angelo4335,Face expression za alma ziukua on another levelğŸ˜…ğŸ˜…â¤,18,2023-04-10T21:31:41Z
324,@bannyglare7715,inanipea vibes  za babu yanguğŸ¤£ğŸ¤£ğŸ¤£ğŸ¤£ğŸ¤£ğŸ¤£ğŸ¤£ğŸ¤£naokotwa..loved thisğŸ’¯ğŸ’¯ğŸ’¯,4,2023-04-10T20:59:41Z
325,@naomikirathe665,Hi alma i must watch everyday its a vyyyyyyyyb,2,2023-04-10T20:13:15Z
326,@abdeezycoogi,ğŸ˜‚ğŸ˜‚ğŸ˜‚ğŸ˜‚ğŸ˜‚ğŸ˜‚ğŸ˜‚ğŸ˜‚,0,2023-04-10T19:36:42Z
327,@gracefulkitchens_lifestyle,Ety aende atoe makamasi ğŸ˜‚ğŸ˜‚ğŸ’”,0,2023-04-10T19:28:09Z
328,@sizxle,I need the IG of the girl with red hair! she bad!!!,0,2023-04-10T19:14:53Z
329,@sizxle,"Not gonna lie, i can hear most of what is being said ğŸ˜‚ğŸ˜‚ sure sounds funny thou.",1,2023-04-10T19:14:15Z
330,@nyamuu_i,hawako audible aki,1,2023-04-10T19:12:19Z
331,@billymwangi7547,ALMA you is a corkblockerğŸ¤¦â€â™€ğŸ’€,0,2023-04-10T18:27:01Z
332,@mokujinabuga4156,Unakiss shingo alafu uskie mtu anaonja chumviğŸ˜‚ğŸ˜‚ğŸ˜‚,7,2023-04-10T17:34:08Z
333,@davidmbugua1703,Show iko fiti mbaya,2,2023-04-10T17:24:03Z
334,@naomikirathe665,Hii show are u sure hua haishukishi self esteeem aki,2,2023-04-10T17:13:32Z
335,@Silasmengi,Show is lit but hapo kwa intro ğŸŒï¸ball ya golf imenishtua,2,2023-04-10T17:13:14Z
336,@mojay254,Leta y kina StinyoğŸ˜‚ğŸ˜‚ğŸ˜‚hio itabamba bt Alma show is the bestğŸ‰â¤,3,2023-04-10T16:47:01Z
337,@linsngugi,Credits to the editorğŸ˜‚ğŸ˜‚,2,2023-04-10T16:39:55Z
338,@lynnlakhani1354,Mutheu you owe me a new phone ğŸ˜¢ğŸ˜‚ğŸ˜‚ğŸ˜‚ğŸ˜‚,7,2023-04-10T16:16:55Z
339,@lydiandulu746,Napenda vibe y Tesla,2,2023-04-10T16:01:18Z
340,@mojay254,Enda utoe makamasiğŸ˜¢ğŸ˜‚ğŸ˜‚ğŸ˜‚ğŸ’”,3,2023-04-10T15:52:31Z
341,@mbajaska,Aii buana watu si wajinga buana ğŸ˜‚ğŸ˜‚ğŸ˜…,0,2023-04-10T15:32:39Z
342,@gringoreys,sasa kiss ya lips ni ya kunyima watazamajiğŸ‘ğŸ‘,5,2023-04-10T15:12:08Z
343,@djcastroKE,"Show iko topğŸ”¥ğŸ”¥ğŸ”¥
Big up dada alma",6,2023-04-10T14:18:06Z
344,@djcastroKE,Alma sasa tuletee madocho kwa show if possible,1,2023-04-10T14:17:30Z
345,@Missgakii,Giving highschool vibes thoughğŸ˜‚,7,2023-04-10T13:27:07Z
346,@254deejayfranqe,ğŸ˜‚ğŸ˜‚ğŸ˜‚ğŸ˜‚,2,2023-04-10T13:21:17Z
347,@alicenyaoso1349,Unashow boy akupe 360ğŸ˜‚ğŸ˜‚ğŸ˜‚ğŸ˜‹ğŸ˜‹,4,2023-04-10T12:51:22Z
348,@shekiey,aty belt inakaa laces ğŸ˜‚ğŸ˜‚ğŸ˜‚ğŸ˜‚,3,2023-04-10T12:40:52Z
349,@luqmanahmed9768,Cheki alma walai tesla asiwai toka kwa hi show ğŸ˜‚ğŸ˜‚ğŸ˜‚ğŸ˜‚ğŸ˜‚ğŸ˜‚please ğŸ˜‚waiting for the reply,2,2023-04-10T12:36:58Z
350,@Thehotroompodcast-x7e,His needs high self esteem bana ..ğŸ˜…ğŸ˜…ğŸ˜…,3,2023-04-10T12:27:26Z
351,@Fredymouse13,editsğŸ˜ğŸ˜,2,2023-04-10T12:17:20Z
352,@OtakuTechie,tesla amesahhau kuita mwenye alimshow atoe makamasi,2,2023-04-10T12:16:28Z
353,@irenegoko2980,ğŸ˜‚ğŸ˜‚kihara inapea vibes za guks ğŸ˜‚ ouch msikuwe hivyoğŸ˜‚,4,2023-04-10T11:47:03Z
354,@carenhope2798,EeeeiiiihğŸ˜…ğŸ˜…,1,2023-04-10T11:46:02Z
355,@irenegoko2980,"ğŸ˜‚ğŸ˜‚ğŸ˜‚ ğŸ”¥ğŸ”¥
Huyo boy ameambiwa atoe makamasi weuh nime nice sana",16,2023-04-10T11:43:43Z
356,@Mukavana138,Can I get only 10 likes please ğŸ¥º I won't complain ğŸ˜…ğŸ˜…,0,2023-04-10T11:25:52Z
357,@petrodekonki3707,Mwenye hana edit ako n ufala time y kukissğŸ˜‚ğŸ˜‚,2,2023-04-10T11:22:23Z
358,@david._vibes.,litt bana,1,2023-04-10T10:28:12Z
359,@edwinlewis6294,Alma next time work on Audio sauti ni shida struggling kuskia,2,2023-04-10T10:27:41Z
360,@petrodekonki3707,Alma  ğŸ” fan of all timeğŸ˜‚ğŸ˜‚ğŸ‰â¤ilysmâ¤â¤â¤â¤â¤keep grindinğŸ˜Šâ¤,3,2023-04-10T10:27:14Z
361,@mr.i5310,Huyo mras ameuağŸ˜‚ Sandra anaeza get hii stick thoğŸ˜…huyo boy anapigaje 360 fundağŸ˜‚,2,2023-04-10T09:52:32Z
362,@dennismuya4592,Vida quality not good@Alma,1,2023-04-10T09:48:46Z
363,@eduhscott5998,Nipewe huyo wa Manchester united,3,2023-04-10T09:32:33Z
364,@micro5549,stay woke,3,2023-04-10T09:28:28Z
365,@micro5549,Alooooooooooooooooooooooooooooooooooooooooooooooooooooooooooooooooooooooooooooooooooooo,0,2023-04-10T09:16:00Z
366,@charleskilonzo1241,Makamasi part ğŸ˜‚ğŸ˜‚ğŸ˜‚,3,2023-04-10T08:41:43Z
367,@njaa-money2708,"Alma neva disappoint â¤
This wos ğŸ’¥ğŸ’¥ğŸ’¥bomboclatğŸ’£",9,2023-04-10T08:36:36Z
368,@pridenkenya,The first guy ako na vibe ingine ajaabğŸ˜‚ğŸ˜‚ğŸ˜‚ğŸ˜‚,18,2023-04-10T08:01:06Z
369,@akokooduk2031,Sandra is a snack ğŸ¥¨â¤ğŸ¥µ,2,2023-04-10T08:00:44Z
370,@bunny-b5u,25:50 ababu namwambağŸ˜‚ğŸ˜‚ğŸ˜‚ğŸ˜‚ğŸ™Œ,2,2023-04-10T07:56:42Z
371,@bunny-b5u,23:08 kihara yake inampatia vibes za babu yakeğŸ˜‚nko sure huyo boyz bado hajarecover hadi sahiiğŸ˜‚ğŸ”¥ğŸ’¯,31,2023-04-10T07:49:14Z
372,@JohnNjambi1,Hii iko top irudiwe,2,2023-04-10T07:44:21Z
373,@jamresq3104,Huyu wambui is a waste of time alooo ğŸ˜¢ğŸ˜¢usilete maringo kwa game ğŸ˜‚ğŸ˜‚someone kiss my comment ğŸ˜Š,10,2023-04-10T07:38:12Z
374,@nyamburajeff4198,Charity mutheu hambambikiğŸ˜‚ğŸ˜‚ğŸ˜‚ğŸ˜‚ğŸ˜‚,2,2023-04-10T07:24:29Z
375,@Young_Crescent,Ati vibez za babu yake ğŸ˜…ğŸ˜…ğŸ˜…the dose nayo,10,2023-04-10T07:19:00Z
376,@kingkong21458,cooperate wameingia sa umeanza kuficha ata kisses,2,2023-04-10T06:57:26Z
377,@Miss_Nairenke,Alma uliniamulia bad bad ğŸ˜‚ğŸ¤£,3,2023-04-10T06:06:58Z
378,@degnabry529,Alma niwai namba ya uyo Sandra ğŸ˜‹ ni kakeki before ka umwaumwe ğŸ˜‚ğŸ˜‚,3,2023-04-10T05:56:07Z
379,@kawirarisper8434,â¤â¤â¤,1,2023-04-10T05:43:41Z
380,@maggyma1045,So sad for the last girl.. Ready to kiss himğŸ™„ğŸ˜¢,4,2023-04-10T05:15:01Z
381,@wilkistersimani6389,"ğŸ˜‚ğŸ˜‚ğŸ˜‚ğŸ˜‚ğŸ˜‚,,,,, this one was litğŸ˜…",2,2023-04-10T05:00:57Z
382,@tash_kidy,mambo ime chemuka,1,2023-04-10T04:57:39Z
383,@voidthedj,Camera man rada enda ulearn from Gepa show unafichaje munju,2,2023-04-10T04:46:18Z
384,@Christabell678-g2s,Mwanaume unapeanaje 360 na courageğŸ˜¢ğŸ˜…ğŸ˜…,3,2023-04-10T02:19:48Z
385,@_._Adrian,Tesla keep going bruh,2,2023-04-10T01:45:00Z
386,@drew688-g9p,"The first guy manze ,aii apana, nipewe till # yake banağŸ˜‚ğŸ˜‚",5,2023-04-10T01:39:20Z
387,@carolmutuky,Aty matako kwa tumboğŸ˜‚ğŸ˜‚ğŸ˜‚naishaa,7,2023-04-10T00:44:39Z
388,@carolmutuky,FelaaağŸ˜‚,0,2023-04-10T00:41:13Z
389,@spoilah_official.K.e,Mbn mnatoa pahali pa kukiss,1,2023-04-10T00:35:12Z
390,@de_costa-254,Alma usiwe ukileta kids hapa ... That last man mwenye anaambiwa akatoe kamasi he should know this a game and he should grow up...ğŸ’”ğŸš®.... The others are very ok ... Though I enjoyed the show ğŸ¤­ğŸ˜‚ğŸ˜†ğŸ˜†,66,2023-04-10T00:06:56Z
391,@carolmutuky,Hii ndo inabamba sasağŸ˜‚ğŸ˜‚,2,2023-04-09T23:42:08Z
392,@ShawnLexon,Amazing sana mtu wangu ğŸ”¥ğŸ”¥ keep them coming ğŸ”¥ğŸ”¥#HAPOKWAEDITINGğŸ¤”ğŸ˜‚ğŸ˜‚ğŸ™Œ,7,2023-04-09T23:36:47Z
393,@joanwafula3631,Muhindi ni muogağŸ˜‚ğŸ˜‚ğŸ˜‚but Alishikanisha akajikausha kumpea mike karibu wlieğŸ˜‚ğŸ˜‚,1,2023-04-09T23:29:50Z
394,@JacobNdegwa-nk9kf,Hatulali juu yenu na nitafika uko siku moja na ni wapi bythağŸ¤”,1,2023-04-09T23:11:34Z
395,@morganjeremiah4363,Multimedia naona rong rende imewakilisha piağŸ˜‚ Y'all dispensing violence venye tu inafaa ğŸ”¥ğŸ”¥ğŸ˜‚,9,2023-04-09T23:09:26Z
396,@alfredharrison8921,Alma Tunataka video ingine but Ilikuwa tamu,1,2023-04-09T22:54:36Z
397,@TrMesh7,Alma Gang ğŸ”¥ MMU ğŸ”¥,7,2023-04-09T22:43:36Z
398,@azol7,Alma's laughterğŸ˜ğŸ˜‚ğŸ˜‚ğŸ˜,25,2023-04-09T22:34:59Z
399,@kitamisiofficial5150,Oui ni moto ğŸ˜‚ğŸ˜‚ğŸ˜‚,1,2023-04-09T22:24:32Z
400,@angel.----,Uku ndio nimefika,2,2023-04-09T22:21:18Z
401,@ScamDecoded.1,Huyo ni nani ameeka hiyo edit ya golf.....karibu niangushe simu,2,2023-04-09T22:19:24Z
402,@deejaybrasho254,Nikumotonmazaa likes zangu ğŸ‰ğŸ‰ğŸ‰,3,2023-04-09T22:14:36Z
403,@deejaybrasho254,Leo umeeka usikuğŸ˜…ğŸ˜…ğŸ˜‚ğŸ˜‚ğŸ˜‚,1,2023-04-09T22:14:17Z
404,@mr_mombasashow,hii ndo iko juu,1,2023-04-09T22:12:06Z
405,@georgebush2687,sionangi reason ya kukosa kuona hii stuff bana...keep em coming alma,12,2023-04-09T21:43:17Z
406,@_babrah_World,Team strong we have time lets watch this bangerğŸ’°ğŸ˜‚ğŸ”¥ğŸ”¥,9,2023-04-09T21:36:03Z
407,@Gee586,Kali sanağŸ”¥ğŸ”¥ğŸ”¥,2,2023-04-09T21:36:01Z
408,@eugineomondi6394,ğŸ‰ni kumoto manzee ğŸ˜‚,2,2023-04-09T21:35:38Z
409,@maxthuo7444,Never missed any premier â¤â¤,8,2023-04-09T21:34:09Z
410,@Meshmabumba,Hatulali until we get our daily doseğŸ’‰â¤â¤â¤,13,2023-04-09T21:28:23Z
411,@flirty_angelo4335,Acha nitoe stress za Arsenal uku atleast,9,2023-04-09T21:19:58Z
